Appointment_Date,Clinic,Scheduled_Appointments,Completed_Appointments,No_Shows,Cancellations,Avg_Wait_Minutes,No_Show_Rate,Cancellation_Rate,Available_Slots,Utilization_Rate
2025-01-06,Downtown,28,25,0,3,14.52,0.0,0.10714285714285714,32,0.875
2025-01-06,East,26,24,1,1,11.583333333333334,0.038461538461538464,0.038461538461538464,31,0.8387096774193549
2025-01-06,North,23,22,1,0,11.181818181818182,0.043478260869565216,0.0,29,0.7931034482758621
2025-01-06,South,42,36,5,1,15.25,0.11904761904761904,0.023809523809523808,45,0.9333333333333333
2025-01-06,West,31,26,3,2,16.153846153846153,0.0967741935483871,0.06451612903225806,34,0.9117647058823529
2025-01-13,Downtown,48,46,0,2,13.369565217391305,0.0,0.041666666666666664,54,0.8888888888888888
2025-01-13,East,28,25,2,1,13.4,0.07142857142857142,0.03571428571428571,33,0.8484848484848485
2025-01-13,North,28,24,2,2,10.166666666666666,0.07142857142857142,0.07142857142857142,35,0.8
2025-01-13,South,30,25,2,3,19.24,0.06666666666666667,0.1,31,0.967741935483871
2025-01-13,West,28,23,4,1,15.217391304347826,0.14285714285714285,0.03571428571428571,32,0.875
2025-01-20,Downtown,44,41,1,2,14.512195121951219,0.022727272727272728,0.045454545454545456,49,0.8979591836734694
2025-01-20,East,25,21,2,2,12.19047619047619,0.08,0.08,31,0.8064516129032258
2025-01-20,North,30,25,3,2,7.72,0.1,0.06666666666666667,37,0.8108108108108109
2025-01-20,South,52,47,4,1,16.340425531914892,0.07692307692307693,0.019230769230769232,57,0.9122807017543859
2025-01-20,West,30,27,2,1,14.222222222222221,0.06666666666666667,0.03333333333333333,32,0.9375
2025-01-27,Downtown,42,37,4,1,13.675675675675675,0.09523809523809523,0.023809523809523808,49,0.8571428571428571
2025-01-27,East,31,28,2,1,14.178571428571429,0.06451612903225806,0.03225806451612903,36,0.8611111111111112
2025-01-27,North,27,22,3,2,11.0,0.1111111111111111,0.07407407407407407,33,0.8181818181818182
2025-01-27,South,52,45,6,1,18.866666666666667,0.11538461538461539,0.019230769230769232,55,0.9454545454545454
2025-01-27,West,40,37,1,2,14.243243243243244,0.025,0.05,44,0.9090909090909091
2025-02-03,Downtown,43,38,3,2,14.973684210526315,0.06976744186046512,0.046511627906976744,49,0.8775510204081632
2025-02-03,East,33,28,3,2,13.357142857142858,0.09090909090909091,0.06060606060606061,41,0.8048780487804879
2025-02-03,North,38,30,6,2,9.666666666666666,0.15789473684210525,0.05263157894736842,47,0.8085106382978723
2025-02-03,South,48,40,4,4,17.25,0.08333333333333333,0.08333333333333333,51,0.9411764705882353
2025-02-03,West,21,19,2,0,17.31578947368421,0.09523809523809523,0.0,23,0.9130434782608695
2025-02-10,Downtown,41,34,5,2,12.970588235294118,0.12195121951219512,0.04878048780487805,47,0.8723404255319149
2025-02-10,East,32,30,1,1,10.766666666666667,0.03125,0.03125,40,0.8
2025-02-10,North,36,35,1,0,10.628571428571428,0.027777777777777776,0.0,43,0.8372093023255814
2025-02-10,South,40,33,6,1,16.666666666666668,0.15,0.025,44,0.9090909090909091
2025-02-10,West,28,27,1,0,16.25925925925926,0.03571428571428571,0.0,30,0.9333333333333333
2025-02-17,Downtown,44,43,0,1,14.209302325581396,0.0,0.022727272727272728,51,0.8627450980392157
2025-02-17,East,24,23,0,1,11.956521739130435,0.0,0.041666666666666664,29,0.8275862068965517
2025-02-17,North,33,33,0,0,11.484848484848484,0.0,0.0,41,0.8048780487804879
2025-02-17,South,42,34,6,2,17.058823529411764,0.14285714285714285,0.047619047619047616,44,0.9545454545454546
2025-02-17,West,22,20,1,1,15.15,0.045454545454545456,0.045454545454545456,24,0.9166666666666666
2025-02-24,Downtown,52,46,5,1,13.043478260869565,0.09615384615384616,0.019230769230769232,59,0.8813559322033898
2025-02-24,East,21,20,1,0,13.65,0.047619047619047616,0.0,24,0.875
2025-02-24,North,32,29,1,2,9.068965517241379,0.03125,0.0625,39,0.8205128205128205
2025-02-24,South,35,34,1,0,17.529411764705884,0.02857142857142857,0.0,40,0.875
2025-02-24,West,37,31,5,1,13.451612903225806,0.13513513513513514,0.02702702702702703,41,0.9024390243902439
2025-03-03,Downtown,49,40,6,3,15.1,0.12244897959183673,0.061224489795918366,58,0.8448275862068966
2025-03-03,East,33,28,3,2,10.75,0.09090909090909091,0.06060606060606061,39,0.8461538461538461
2025-03-03,North,28,28,0,0,9.821428571428571,0.0,0.0,34,0.8235294117647058
2025-03-03,South,35,31,3,1,17.0,0.08571428571428572,0.02857142857142857,38,0.9210526315789473
2025-03-03,West,32,26,5,1,13.923076923076923,0.15625,0.03125,36,0.8888888888888888
2025-03-10,Downtown,43,39,2,2,13.564102564102564,0.046511627906976744,0.046511627906976744,51,0.8431372549019608
2025-03-10,East,25,24,1,0,10.958333333333334,0.04,0.0,29,0.8620689655172413
2025-03-10,North,39,32,5,2,9.34375,0.1282051282051282,0.05128205128205128,48,0.8125
2025-03-10,South,41,36,3,2,16.11111111111111,0.07317073170731707,0.04878048780487805,47,0.8723404255319149
2025-03-10,West,30,26,2,2,16.423076923076923,0.06666666666666667,0.06666666666666667,33,0.9090909090909091
2025-03-17,Downtown,42,37,3,2,14.513513513513514,0.07142857142857142,0.047619047619047616,46,0.9130434782608695
2025-03-17,East,22,20,1,1,11.7,0.045454545454545456,0.045454545454545456,26,0.8461538461538461
2025-03-17,North,28,24,3,1,12.875,0.10714285714285714,0.03571428571428571,34,0.8235294117647058
2025-03-17,South,29,28,1,0,15.785714285714286,0.034482758620689655,0.0,29,1.0
2025-03-17,West,24,18,5,1,14.333333333333334,0.20833333333333334,0.041666666666666664,26,0.9230769230769231
2025-03-24,Downtown,46,40,4,2,13.775,0.08695652173913043,0.043478260869565216,51,0.9019607843137255
2025-03-24,East,38,31,5,2,11.161290322580646,0.13157894736842105,0.05263157894736842,45,0.8444444444444444
2025-03-24,North,35,32,2,1,10.1875,0.05714285714285714,0.02857142857142857,43,0.813953488372093
2025-03-24,South,39,36,2,1,15.86111111111111,0.05128205128205128,0.02564102564102564,41,0.9512195121951219
2025-03-24,West,39,34,3,2,15.205882352941176,0.07692307692307693,0.05128205128205128,42,0.9285714285714286
2025-03-31,Downtown,36,26,8,2,15.692307692307692,0.2222222222222222,0.05555555555555555,42,0.8571428571428571
2025-03-31,East,25,21,1,3,11.238095238095237,0.04,0.12,29,0.8620689655172413
2025-03-31,North,33,29,3,1,10.275862068965518,0.09090909090909091,0.030303030303030304,42,0.7857142857142857
2025-03-31,South,44,40,3,1,17.85,0.06818181818181818,0.022727272727272728,46,0.9565217391304348
2025-03-31,West,28,23,5,0,12.217391304347826,0.17857142857142858,0.0,30,0.9333333333333333
2025-04-07,Downtown,47,42,3,2,13.595238095238095,0.06382978723404255,0.0425531914893617,53,0.8867924528301887
2025-04-07,East,29,25,2,2,11.84,0.06896551724137931,0.06896551724137931,36,0.8055555555555556
2025-04-07,North,26,22,4,0,10.409090909090908,0.15384615384615385,0.0,34,0.7647058823529411
2025-04-07,South,27,23,0,4,17.434782608695652,0.0,0.14814814814814814,29,0.9310344827586207
2025-04-07,West,26,22,2,2,15.545454545454545,0.07692307692307693,0.07692307692307693,29,0.896551724137931
2025-04-14,Downtown,51,42,6,3,14.285714285714286,0.11764705882352941,0.058823529411764705,58,0.8793103448275862
2025-04-14,East,32,30,2,0,12.633333333333333,0.0625,0.0,38,0.8421052631578947
2025-04-14,North,18,15,2,1,12.133333333333333,0.1111111111111111,0.05555555555555555,22,0.8181818181818182
2025-04-14,South,35,31,2,2,17.483870967741936,0.05714285714285714,0.05714285714285714,36,0.9722222222222222
2025-04-14,West,43,35,3,5,15.6,0.06976744186046512,0.11627906976744186,47,0.9148936170212766
2025-04-21,Downtown,44,38,3,3,12.789473684210526,0.06818181818181818,0.06818181818181818,50,0.88
2025-04-21,East,26,24,0,2,14.166666666666666,0.0,0.07692307692307693,30,0.8666666666666667
2025-04-21,North,39,33,6,0,10.575757575757576,0.15384615384615385,0.0,48,0.8125
2025-04-21,South,30,28,2,0,17.392857142857142,0.06666666666666667,0.0,34,0.8823529411764706
2025-04-21,West,31,26,5,0,13.807692307692308,0.16129032258064516,0.0,34,0.9117647058823529
2025-04-28,Downtown,49,43,3,3,12.837209302325581,0.061224489795918366,0.061224489795918366,56,0.875
2025-04-28,East,27,21,4,2,12.571428571428571,0.14814814814814814,0.07407407407407407,32,0.84375
2025-04-28,North,42,39,1,2,9.512820512820513,0.023809523809523808,0.047619047619047616,52,0.8076923076923077
2025-04-28,South,39,33,3,3,16.424242424242426,0.07692307692307693,0.07692307692307693,41,0.9512195121951219
2025-04-28,West,28,25,3,0,15.24,0.10714285714285714,0.0,31,0.9032258064516129
2025-05-05,Downtown,46,44,0,2,13.090909090909092,0.0,0.043478260869565216,54,0.8518518518518519
2025-05-05,East,27,27,0,0,11.555555555555555,0.0,0.0,32,0.84375
2025-05-05,North,26,24,2,0,11.041666666666666,0.07692307692307693,0.0,33,0.7878787878787878
2025-05-05,South,45,37,8,0,16.08108108108108,0.17777777777777778,0.0,47,0.9574468085106383
2025-05-05,West,32,29,3,0,16.275862068965516,0.09375,0.0,34,0.9411764705882353
2025-05-12,Downtown,35,32,0,3,12.09375,0.0,0.08571428571428572,41,0.8536585365853658
2025-05-12,East,37,33,3,1,11.212121212121213,0.08108108108108109,0.02702702702702703,44,0.8409090909090909
2025-05-12,North,35,34,0,1,9.470588235294118,0.0,0.02857142857142857,45,0.7777777777777778
2025-05-12,South,32,30,1,1,15.933333333333334,0.03125,0.03125,37,0.8648648648648649
2025-05-12,West,25,21,1,3,13.0,0.04,0.12,28,0.8928571428571429
2025-05-19,Downtown,36,30,6,0,13.6,0.16666666666666666,0.0,41,0.8780487804878049
2025-05-19,East,34,33,1,0,11.454545454545455,0.029411764705882353,0.0,41,0.8292682926829268
2025-05-19,North,30,25,3,2,11.2,0.1,0.06666666666666667,35,0.8571428571428571
2025-05-19,South,40,38,2,0,16.657894736842106,0.05,0.0,43,0.9302325581395349
2025-05-19,West,33,25,7,1,14.32,0.21212121212121213,0.030303030303030304,36,0.9166666666666666
2025-05-26,Downtown,41,35,3,3,11.82857142857143,0.07317073170731707,0.07317073170731707,49,0.8367346938775511
2025-05-26,East,38,33,3,2,11.515151515151516,0.07894736842105263,0.05263157894736842,44,0.8636363636363636
2025-05-26,North,29,28,1,0,11.535714285714286,0.034482758620689655,0.0,37,0.7837837837837838
2025-05-26,South,24,21,3,0,17.714285714285715,0.125,0.0,26,0.9230769230769231
2025-05-26,West,26,25,1,0,17.28,0.038461538461538464,0.0,27,0.9629629629629629
2025-06-02,Downtown,31,28,3,0,11.928571428571429,0.0967741935483871,0.0,34,0.9117647058823529
2025-06-02,East,30,22,6,2,12.090909090909092,0.2,0.06666666666666667,37,0.8108108108108109
2025-06-02,North,29,26,2,1,10.846153846153847,0.06896551724137931,0.034482758620689655,35,0.8285714285714286
2025-06-02,South,51,43,5,3,17.767441860465116,0.09803921568627451,0.058823529411764705,55,0.9272727272727272
2025-06-02,West,34,29,4,1,14.862068965517242,0.11764705882352941,0.029411764705882353,38,0.8947368421052632
2025-06-09,Downtown,38,34,3,1,11.911764705882353,0.07894736842105263,0.02631578947368421,44,0.8636363636363636
2025-06-09,East,29,26,3,0,12.192307692307692,0.10344827586206896,0.0,35,0.8285714285714286
2025-06-09,North,28,24,2,2,10.458333333333334,0.07142857142857142,0.07142857142857142,36,0.7777777777777778
2025-06-09,South,26,23,1,2,16.26086956521739,0.038461538461538464,0.07692307692307693,28,0.9285714285714286
2025-06-09,West,31,28,2,1,14.892857142857142,0.06451612903225806,0.03225806451612903,35,0.8857142857142857
2025-06-16,Downtown,30,27,3,0,12.37037037037037,0.1,0.0,34,0.8823529411764706
2025-06-16,East,32,29,3,0,11.586206896551724,0.09375,0.0,39,0.8205128205128205
2025-06-16,North,35,33,2,0,12.636363636363637,0.05714285714285714,0.0,45,0.7777777777777778
2025-06-16,South,38,37,1,0,18.35135135135135,0.02631578947368421,0.0,39,0.9743589743589743
2025-06-16,West,29,24,3,2,13.458333333333334,0.10344827586206896,0.06896551724137931,30,0.9666666666666667
2025-06-23,Downtown,38,35,2,1,12.342857142857143,0.05263157894736842,0.02631578947368421,45,0.8444444444444444
2025-06-23,East,28,24,2,2,11.666666666666666,0.07142857142857142,0.07142857142857142,36,0.7777777777777778
2025-06-23,North,33,29,3,1,10.172413793103448,0.09090909090909091,0.030303030303030304,41,0.8048780487804879
2025-06-23,South,27,24,3,0,18.625,0.1111111111111111,0.0,28,0.9642857142857143
2025-06-23,West,28,26,2,0,16.615384615384617,0.07142857142857142,0.0,32,0.875
2025-06-30,Downtown,41,38,1,2,13.105263157894736,0.024390243902439025,0.04878048780487805,46,0.8913043478260869
2025-06-30,East,26,25,1,0,11.76,0.038461538461538464,0.0,30,0.8666666666666667
2025-06-30,North,26,22,1,3,9.090909090909092,0.038461538461538464,0.11538461538461539,33,0.7878787878787878
2025-06-30,South,46,41,3,2,15.78048780487805,0.06521739130434782,0.043478260869565216,50,0.92
2025-06-30,West,24,22,1,1,14.545454545454545,0.041666666666666664,0.041666666666666664,26,0.9230769230769231
2025-07-07,Downtown,42,36,2,4,13.11111111111111,0.047619047619047616,0.09523809523809523,50,0.84
2025-07-07,East,27,24,2,1,12.291666666666666,0.07407407407407407,0.037037037037037035,32,0.84375
2025-07-07,North,38,32,5,1,9.46875,0.13157894736842105,0.02631578947368421,47,0.8085106382978723
2025-07-07,South,40,38,2,0,16.07894736842105,0.05,0.0,44,0.9090909090909091
2025-07-07,West,36,33,3,0,14.333333333333334,0.08333333333333333,0.0,40,0.9
2025-07-14,Downtown,40,34,4,2,13.823529411764707,0.1,0.05,46,0.8695652173913043
2025-07-14,East,27,26,1,0,12.115384615384615,0.037037037037037035,0.0,31,0.8709677419354839
2025-07-14,North,26,25,0,1,10.12,0.0,0.038461538461538464,33,0.7878787878787878
2025-07-14,South,41,34,6,1,16.352941176470587,0.14634146341463414,0.024390243902439025,44,0.9318181818181818
2025-07-14,West,29,29,0,0,15.03448275862069,0.0,0.0,30,0.9666666666666667
2025-07-21,Downtown,43,38,5,0,14.31578947368421,0.11627906976744186,0.0,48,0.8958333333333334
2025-07-21,East,40,37,2,1,12.054054054054054,0.05,0.025,47,0.851063829787234
2025-07-21,North,33,31,1,1,10.03225806451613,0.030303030303030304,0.030303030303030304,41,0.8048780487804879
2025-07-21,South,33,28,4,1,18.071428571428573,0.12121212121212122,0.030303030303030304,35,0.9428571428571428
2025-07-21,West,42,34,7,1,15.029411764705882,0.16666666666666666,0.023809523809523808,47,0.8936170212765957
2025-07-28,Downtown,33,30,0,3,14.866666666666667,0.0,0.09090909090909091,37,0.8918918918918919
2025-07-28,East,29,26,2,1,11.615384615384615,0.06896551724137931,0.034482758620689655,34,0.8529411764705882
2025-07-28,North,39,35,2,2,10.257142857142858,0.05128205128205128,0.05128205128205128,48,0.8125
2025-07-28,South,42,36,6,0,15.11111111111111,0.14285714285714285,0.0,44,0.9545454545454546
2025-07-28,West,26,24,1,1,15.5,0.038461538461538464,0.038461538461538464,28,0.9285714285714286
2025-08-04,Downtown,46,45,1,0,14.488888888888889,0.021739130434782608,0.0,52,0.8846153846153846
2025-08-04,East,28,27,1,0,12.481481481481481,0.03571428571428571,0.0,32,0.875
2025-08-04,North,24,23,1,0,8.869565217391305,0.041666666666666664,0.0,30,0.8
2025-08-04,South,36,33,2,1,14.393939393939394,0.05555555555555555,0.027777777777777776,39,0.9230769230769231
2025-08-04,West,36,32,2,2,14.59375,0.05555555555555555,0.05555555555555555,39,0.9230769230769231
2025-08-11,Downtown,37,32,3,2,15.5,0.08108108108108109,0.05405405405405406,41,0.9024390243902439
2025-08-11,East,26,23,2,1,11.391304347826088,0.07692307692307693,0.038461538461538464,31,0.8387096774193549
2025-08-11,North,44,41,2,1,9.536585365853659,0.045454545454545456,0.022727272727272728,55,0.8
2025-08-11,South,40,35,1,4,16.485714285714284,0.025,0.1,42,0.9523809523809523
2025-08-11,West,29,25,2,2,15.96,0.06896551724137931,0.06896551724137931,32,0.90625
2025-08-18,Downtown,53,49,2,2,14.142857142857142,0.03773584905660377,0.03773584905660377,61,0.8688524590163934
2025-08-18,East,29,27,2,0,12.0,0.06896551724137931,0.0,34,0.8529411764705882
2025-08-18,North,31,27,4,0,9.148148148148149,0.12903225806451613,0.0,37,0.8378378378378378
2025-08-18,South,33,32,1,0,15.28125,0.030303030303030304,0.0,35,0.9428571428571428
2025-08-18,West,36,34,2,0,16.735294117647058,0.05555555555555555,0.0,40,0.9
2025-08-25,Downtown,38,33,3,2,13.696969696969697,0.07894736842105263,0.05263157894736842,43,0.8837209302325582
2025-08-25,East,25,18,6,1,12.666666666666666,0.24,0.04,28,0.8928571428571429
2025-08-25,North,37,34,1,2,9.794117647058824,0.02702702702702703,0.05405405405405406,47,0.7872340425531915
2025-08-25,South,40,34,4,2,15.558823529411764,0.1,0.05,42,0.9523809523809523
2025-08-25,West,34,30,3,1,14.333333333333334,0.08823529411764706,0.029411764705882353,35,0.9714285714285714
2025-09-01,Downtown,47,46,0,1,14.543478260869565,0.0,0.02127659574468085,54,0.8703703703703703
2025-09-01,East,31,28,2,1,13.428571428571429,0.06451612903225806,0.03225806451612903,38,0.8157894736842105
2025-09-01,North,29,23,3,3,9.043478260869565,0.10344827586206896,0.10344827586206896,37,0.7837837837837838
2025-09-01,South,28,28,0,0,15.0,0.0,0.0,29,0.9655172413793104
2025-09-01,West,29,29,0,0,15.344827586206897,0.0,0.0,31,0.9354838709677419
2025-09-08,Downtown,41,34,5,2,13.0,0.12195121951219512,0.04878048780487805,46,0.8913043478260869
2025-09-08,East,27,23,2,2,9.478260869565217,0.07407407407407407,0.07407407407407407,30,0.9
2025-09-08,North,29,25,3,1,10.04,0.10344827586206896,0.034482758620689655,35,0.8285714285714286
2025-09-08,South,37,32,1,4,15.78125,0.02702702702702703,0.10810810810810811,40,0.925
2025-09-08,West,29,25,2,2,14.64,0.06896551724137931,0.06896551724137931,32,0.90625
2025-09-15,Downtown,44,42,1,1,14.547619047619047,0.022727272727272728,0.022727272727272728,51,0.8627450980392157
2025-09-15,East,29,27,2,0,11.148148148148149,0.06896551724137931,0.0,36,0.8055555555555556
2025-09-15,North,36,32,2,2,9.5,0.05555555555555555,0.05555555555555555,45,0.8
2025-09-15,South,51,39,9,3,14.820512820512821,0.17647058823529413,0.058823529411764705,58,0.8793103448275862
2025-09-15,West,34,30,3,1,13.266666666666667,0.08823529411764706,0.029411764705882353,37,0.918918918918919
2025-09-22,Downtown,40,38,1,1,13.5,0.025,0.025,46,0.8695652173913043
2025-09-22,East,35,28,3,4,11.785714285714286,0.08571428571428572,0.11428571428571428,43,0.813953488372093
2025-09-22,North,28,27,0,1,10.37037037037037,0.0,0.03571428571428571,34,0.8235294117647058
2025-09-22,South,25,22,2,1,17.772727272727273,0.08,0.04,27,0.9259259259259259
2025-09-22,West,26,24,2,0,14.416666666666666,0.07692307692307693,0.0,29,0.896551724137931
2025-09-29,Downtown,40,39,1,0,13.76923076923077,0.025,0.0,44,0.9090909090909091
2025-09-29,East,21,20,0,1,11.95,0.0,0.047619047619047616,25,0.84
2025-09-29,North,34,32,1,1,10.21875,0.029411764705882353,0.029411764705882353,43,0.7906976744186046
2025-09-29,South,32,28,2,2,17.535714285714285,0.0625,0.0625,34,0.9411764705882353
2025-09-29,West,34,30,3,1,15.0,0.08823529411764706,0.029411764705882353,38,0.8947368421052632
2025-10-06,Downtown,38,35,3,0,15.085714285714285,0.07894736842105263,0.0,45,0.8444444444444444
2025-10-06,East,21,17,2,2,10.647058823529411,0.09523809523809523,0.09523809523809523,24,0.875
2025-10-06,North,48,43,4,1,10.0,0.08333333333333333,0.020833333333333332,59,0.8135593220338984
2025-10-06,South,45,40,1,4,16.825,0.022222222222222223,0.08888888888888889,52,0.8653846153846154
2025-10-06,West,33,31,2,0,15.612903225806452,0.06060606060606061,0.0,35,0.9428571428571428
2025-10-13,Downtown,36,31,3,2,11.903225806451612,0.08333333333333333,0.05555555555555555,39,0.9230769230769231
2025-10-13,East,25,23,2,0,11.173913043478262,0.08,0.0,30,0.8333333333333334
2025-10-13,North,28,26,1,1,9.538461538461538,0.03571428571428571,0.03571428571428571,34,0.8235294117647058
2025-10-13,South,35,25,6,4,16.32,0.17142857142857143,0.11428571428571428,38,0.9210526315789473
2025-10-13,West,22,21,1,0,15.476190476190476,0.045454545454545456,0.0,23,0.9565217391304348
2025-10-20,Downtown,49,43,5,1,13.093023255813954,0.10204081632653061,0.02040816326530612,57,0.8596491228070176
2025-10-20,East,31,29,2,0,11.10344827586207,0.06451612903225806,0.0,36,0.8611111111111112
2025-10-20,North,41,37,2,2,10.45945945945946,0.04878048780487805,0.04878048780487805,52,0.7884615384615384
2025-10-20,South,33,26,5,2,17.23076923076923,0.15151515151515152,0.06060606060606061,36,0.9166666666666666
2025-10-20,West,41,32,7,2,14.28125,0.17073170731707318,0.04878048780487805,45,0.9111111111111111
2025-10-27,Downtown,38,32,2,4,12.9375,0.05263157894736842,0.10526315789473684,41,0.926829268292683
2025-10-27,East,34,27,6,1,11.777777777777779,0.17647058823529413,0.029411764705882353,38,0.8947368421052632
2025-10-27,North,30,29,1,0,9.517241379310345,0.03333333333333333,0.0,38,0.7894736842105263
2025-10-27,South,55,52,3,0,16.634615384615383,0.05454545454545454,0.0,56,0.9821428571428571
2025-10-27,West,31,28,3,0,16.035714285714285,0.0967741935483871,0.0,32,0.96875
2025-11-03,Downtown,48,43,3,2,14.930232558139535,0.0625,0.041666666666666664,56,0.8571428571428571
2025-11-03,East,41,39,2,0,14.58974358974359,0.04878048780487805,0.0,48,0.8541666666666666
2025-11-03,North,36,33,3,0,10.787878787878787,0.08333333333333333,0.0,46,0.782608695652174
2025-11-03,South,39,33,3,3,16.09090909090909,0.07692307692307693,0.07692307692307693,41,0.9512195121951219
2025-11-03,West,35,31,3,1,16.129032258064516,0.08571428571428572,0.02857142857142857,37,0.9459459459459459
2025-11-10,Downtown,46,39,3,4,11.64102564102564,0.06521739130434782,0.08695652173913043,51,0.9019607843137255
2025-11-10,East,19,19,0,0,11.789473684210526,0.0,0.0,23,0.8260869565217391
2025-11-10,North,32,29,3,0,10.89655172413793,0.09375,0.0,41,0.7804878048780488
2025-11-10,South,57,52,4,1,15.192307692307692,0.07017543859649122,0.017543859649122806,59,0.9661016949152542
2025-11-10,West,38,32,2,4,16.28125,0.05263157894736842,0.10526315789473684,42,0.9047619047619048
2025-11-17,Downtown,42,35,2,5,13.885714285714286,0.047619047619047616,0.11904761904761904,49,0.8571428571428571
2025-11-17,East,33,30,2,1,11.233333333333333,0.06060606060606061,0.030303030303030304,39,0.8461538461538461
2025-11-17,North,27,24,2,1,10.041666666666666,0.07407407407407407,0.037037037037037035,34,0.7941176470588235
2025-11-17,South,34,30,3,1,14.9,0.08823529411764706,0.029411764705882353,36,0.9444444444444444
2025-11-17,West,28,25,3,0,15.24,0.10714285714285714,0.0,30,0.9333333333333333
2025-11-24,Downtown,36,31,4,1,12.064516129032258,0.1111111111111111,0.027777777777777776,41,0.8780487804878049
2025-11-24,East,24,22,0,2,11.590909090909092,0.0,0.08333333333333333,29,0.8275862068965517
2025-11-24,North,34,28,2,4,10.535714285714286,0.058823529411764705,0.11764705882352941,42,0.8095238095238095
2025-11-24,South,32,31,1,0,15.774193548387096,0.03125,0.0,34,0.9411764705882353
2025-11-24,West,25,20,2,3,14.7,0.08,0.12,28,0.8928571428571429
2025-12-01,Downtown,51,46,2,3,14.195652173913043,0.0392156862745098,0.058823529411764705,58,0.8793103448275862
2025-12-01,East,25,22,1,2,12.636363636363637,0.04,0.08,31,0.8064516129032258
2025-12-01,North,20,19,1,0,9.421052631578947,0.05,0.0,26,0.7692307692307693
2025-12-01,South,43,39,3,1,15.461538461538462,0.06976744186046512,0.023255813953488372,46,0.9347826086956522
2025-12-01,West,37,33,3,1,15.272727272727273,0.08108108108108109,0.02702702702702703,41,0.9024390243902439
2025-12-08,Downtown,36,33,3,0,12.818181818181818,0.08333333333333333,0.0,42,0.8571428571428571
2025-12-08,East,29,26,3,0,12.192307692307692,0.10344827586206896,0.0,35,0.8285714285714286
2025-12-08,North,32,31,1,0,9.903225806451612,0.03125,0.0,40,0.8
2025-12-08,South,41,38,2,1,15.026315789473685,0.04878048780487805,0.024390243902439025,43,0.9534883720930233
2025-12-08,West,29,26,3,0,15.192307692307692,0.10344827586206896,0.0,32,0.90625
2025-12-15,Downtown,26,26,0,0,13.307692307692308,0.0,0.0,29,0.896551724137931
2025-12-15,East,29,25,1,3,13.32,0.034482758620689655,0.10344827586206896,35,0.8285714285714286
2025-12-15,North,21,20,1,0,10.0,0.047619047619047616,0.0,26,0.8076923076923077
2025-12-15,South,42,38,4,0,15.868421052631579,0.09523809523809523,0.0,44,0.9545454545454546
2025-12-15,West,27,24,3,0,15.166666666666666,0.1111111111111111,0.0,29,0.9310344827586207
2025-12-22,Downtown,44,42,0,2,12.166666666666666,0.0,0.045454545454545456,50,0.88
2025-12-22,East,29,26,3,0,13.076923076923077,0.10344827586206896,0.0,37,0.7837837837837838
2025-12-22,North,29,28,0,1,10.142857142857142,0.0,0.034482758620689655,37,0.7837837837837838
2025-12-22,South,47,38,2,7,14.447368421052632,0.0425531914893617,0.14893617021276595,49,0.9591836734693877
2025-12-22,West,32,31,1,0,13.35483870967742,0.03125,0.0,37,0.8648648648648649
2025-12-29,Downtown,36,32,3,1,13.75,0.08333333333333333,0.027777777777777776,42,0.8571428571428571
2025-12-29,East,24,22,2,0,13.681818181818182,0.08333333333333333,0.0,28,0.8571428571428571
2025-12-29,North,36,34,2,0,10.852941176470589,0.05555555555555555,0.0,43,0.8372093023255814
2025-12-29,South,44,34,7,3,17.147058823529413,0.1590909090909091,0.06818181818181818,45,0.9777777777777777
2025-12-29,West,39,34,2,3,14.823529411764707,0.05128205128205128,0.07692307692307693,45,0.8666666666666667
2026-01-05,Downtown,32,32,0,0,12.6875,0.0,0.0,35,0.9142857142857143
2026-01-05,East,35,26,7,2,11.423076923076923,0.2,0.05714285714285714,41,0.8536585365853658
2026-01-05,North,29,27,2,0,8.518518518518519,0.06896551724137931,0.0,36,0.8055555555555556
2026-01-05,South,46,38,7,1,18.44736842105263,0.15217391304347827,0.021739130434782608,49,0.9387755102040817
2026-01-05,West,28,26,2,0,15.23076923076923,0.07142857142857142,0.0,32,0.875
2026-01-12,Downtown,43,39,3,1,13.256410256410257,0.06976744186046512,0.023255813953488372,49,0.8775510204081632
2026-01-12,East,31,29,1,1,11.310344827586206,0.03225806451612903,0.03225806451612903,39,0.7948717948717948
2026-01-12,North,32,27,4,1,11.925925925925926,0.125,0.03125,39,0.8205128205128205
2026-01-12,South,52,48,3,1,16.666666666666668,0.057692307692307696,0.019230769230769232,56,0.9285714285714286
2026-01-12,West,34,29,3,2,15.448275862068966,0.08823529411764706,0.058823529411764705,38,0.8947368421052632
2026-01-19,Downtown,33,32,1,0,13.875,0.030303030303030304,0.0,37,0.8918918918918919
2026-01-19,East,26,22,3,1,12.590909090909092,0.11538461538461539,0.038461538461538464,32,0.8125
2026-01-19,North,40,30,9,1,11.466666666666667,0.225,0.025,49,0.8163265306122449
2026-01-19,South,46,43,3,0,17.232558139534884,0.06521739130434782,0.0,49,0.9387755102040817
2026-01-19,West,36,33,2,1,13.696969696969697,0.05555555555555555,0.027777777777777776,39,0.9230769230769231
2026-01-26,Downtown,35,31,3,1,12.451612903225806,0.08571428571428572,0.02857142857142857,41,0.8536585365853658
2026-01-26,East,27,22,3,2,11.227272727272727,0.1111111111111111,0.07407407407407407,33,0.8181818181818182
2026-01-26,North,37,34,3,0,11.441176470588236,0.08108108108108109,0.0,45,0.8222222222222222
2026-01-26,South,37,33,3,1,16.181818181818183,0.08108108108108109,0.02702702702702703,39,0.9487179487179487
2026-01-26,West,26,23,3,0,13.782608695652174,0.11538461538461539,0.0,31,0.8387096774193549
2026-02-02,Downtown,39,35,2,2,14.82857142857143,0.05128205128205128,0.05128205128205128,44,0.8863636363636364
2026-02-02,East,28,27,0,1,11.666666666666666,0.0,0.03571428571428571,36,0.7777777777777778
2026-02-02,North,35,32,3,0,10.8125,0.08571428571428572,0.0,42,0.8333333333333334
2026-02-02,South,43,37,3,3,16.243243243243242,0.06976744186046512,0.06976744186046512,46,0.9347826086956522
2026-02-02,West,39,34,4,1,14.323529411764707,0.10256410256410256,0.02564102564102564,43,0.9069767441860465
2026-02-09,Downtown,46,39,4,3,13.282051282051283,0.08695652173913043,0.06521739130434782,56,0.8214285714285714
2026-02-09,East,39,34,4,1,12.294117647058824,0.10256410256410256,0.02564102564102564,45,0.8666666666666667
2026-02-09,North,34,33,0,1,10.818181818181818,0.0,0.029411764705882353,42,0.8095238095238095
2026-02-09,South,39,33,2,4,16.78787878787879,0.05128205128205128,0.10256410256410256,40,0.975
2026-02-09,West,26,22,4,0,14.772727272727273,0.15384615384615385,0.0,28,0.9285714285714286
2026-02-16,Downtown,42,37,5,0,15.64864864864865,0.11904761904761904,0.0,47,0.8936170212765957
2026-02-16,East,21,21,0,0,11.952380952380953,0.0,0.0,25,0.84
2026-02-16,North,29,28,0,1,11.464285714285714,0.0,0.034482758620689655,38,0.7631578947368421
2026-02-16,South,34,31,3,0,16.0,0.08823529411764706,0.0,37,0.918918918918919
2026-02-16,West,40,37,2,1,14.162162162162161,0.05,0.025,44,0.9090909090909091
2026-02-23,Downtown,35,29,6,0,15.03448275862069,0.17142857142857143,0.0,39,0.8974358974358975
2026-02-23,East,33,30,3,0,9.833333333333334,0.09090909090909091,0.0,40,0.825
2026-02-23,North,21,18,2,1,10.777777777777779,0.09523809523809523,0.047619047619047616,25,0.84
2026-02-23,South,34,31,1,2,16.29032258064516,0.029411764705882353,0.058823529411764705,36,0.9444444444444444
2026-02-23,West,39,35,4,0,15.457142857142857,0.10256410256410256,0.0,44,0.8863636363636364
2026-03-02,Downtown,42,39,1,2,14.487179487179487,0.023809523809523808,0.047619047619047616,47,0.8936170212765957
2026-03-02,East,40,33,3,4,9.969696969696969,0.075,0.1,49,0.8163265306122449
2026-03-02,North,40,36,2,2,9.666666666666666,0.05,0.05,49,0.8163265306122449
2026-03-02,South,33,29,3,1,15.206896551724139,0.09090909090909091,0.030303030303030304,35,0.9428571428571428
2026-03-02,West,30,25,0,5,16.96,0.0,0.16666666666666666,32,0.9375
2026-03-09,Downtown,40,40,0,0,13.925,0.0,0.0,47,0.851063829787234
2026-03-09,East,31,27,4,0,12.25925925925926,0.12903225806451613,0.0,37,0.8378378378378378
2026-03-09,North,40,37,2,1,11.783783783783784,0.05,0.025,52,0.7692307692307693
2026-03-09,South,38,36,1,1,16.305555555555557,0.02631578947368421,0.02631578947368421,40,0.95
2026-03-09,West,36,29,6,1,16.03448275862069,0.16666666666666666,0.027777777777777776,39,0.9230769230769231
2026-03-16,Downtown,39,35,3,1,12.82857142857143,0.07692307692307693,0.02564102564102564,44,0.8863636363636364
2026-03-16,East,32,28,2,2,12.357142857142858,0.0625,0.0625,40,0.8
2026-03-16,North,40,39,1,0,10.051282051282051,0.025,0.0,49,0.8163265306122449
2026-03-16,South,31,25,5,1,17.76,0.16129032258064516,0.03225806451612903,32,0.96875
2026-03-16,West,35,27,3,5,14.88888888888889,0.08571428571428572,0.14285714285714285,39,0.8974358974358975
2026-03-23,Downtown,37,36,1,0,12.666666666666666,0.02702702702702703,0.0,42,0.8809523809523809
2026-03-23,East,33,29,2,2,11.448275862068966,0.06060606060606061,0.06060606060606061,38,0.868421052631579
2026-03-23,North,32,28,2,2,10.107142857142858,0.0625,0.0625,40,0.8
2026-03-23,South,43,41,0,2,18.121951219512194,0.0,0.046511627906976744,45,0.9555555555555556
2026-03-23,West,33,27,5,1,16.037037037037038,0.15151515151515152,0.030303030303030304,36,0.9166666666666666
2026-03-30,Downtown,37,33,3,1,13.333333333333334,0.08108108108108109,0.02702702702702703,44,0.8409090909090909
2026-03-30,East,27,22,2,3,10.409090909090908,0.07407407407407407,0.1111111111111111,33,0.8181818181818182
2026-03-30,North,31,29,2,0,10.96551724137931,0.06451612903225806,0.0,40,0.775
2026-03-30,South,53,48,2,3,16.729166666666668,0.03773584905660377,0.05660377358490566,60,0.8833333333333333
2026-03-30,West,34,32,2,0,13.71875,0.058823529411764705,0.0,37,0.918918918918919
2026-04-06,Downtown,46,43,2,1,14.511627906976743,0.043478260869565216,0.021739130434782608,52,0.8846153846153846
2026-04-06,East,27,23,2,2,12.434782608695652,0.07407407407407407,0.07407407407407407,33,0.8181818181818182
2026-04-06,North,33,28,3,2,11.071428571428571,0.09090909090909091,0.06060606060606061,39,0.8461538461538461
2026-04-06,South,38,34,3,1,16.176470588235293,0.07894736842105263,0.02631578947368421,41,0.926829268292683
2026-04-06,West,39,33,5,1,15.424242424242424,0.1282051282051282,0.02564102564102564,42,0.9285714285714286
2026-04-13,Downtown,34,32,1,1,13.6875,0.029411764705882353,0.029411764705882353,39,0.8717948717948718
2026-04-13,East,32,29,0,3,12.551724137931034,0.0,0.09375,40,0.8
2026-04-13,North,39,34,2,3,10.794117647058824,0.05128205128205128,0.07692307692307693,47,0.8297872340425532
2026-04-13,South,39,32,5,2,16.75,0.1282051282051282,0.05128205128205128,41,0.9512195121951219
2026-04-13,West,30,26,3,1,14.807692307692308,0.1,0.03333333333333333,33,0.9090909090909091
2026-04-20,Downtown,58,53,3,2,13.18867924528302,0.05172413793103448,0.034482758620689655,63,0.9206349206349206
2026-04-20,East,22,20,2,0,12.9,0.09090909090909091,0.0,26,0.8461538461538461
2026-04-20,North,34,30,3,1,9.866666666666667,0.08823529411764706,0.029411764705882353,43,0.7906976744186046
2026-04-20,South,37,35,2,0,17.057142857142857,0.05405405405405406,0.0,39,0.9487179487179487
2026-04-20,West,26,23,1,2,14.434782608695652,0.038461538461538464,0.07692307692307693,30,0.8666666666666667
2026-04-27,Downtown,36,30,2,4,13.733333333333333,0.05555555555555555,0.1111111111111111,42,0.8571428571428571
2026-04-27,East,29,27,0,2,10.25925925925926,0.0,0.06896551724137931,34,0.8529411764705882
2026-04-27,North,27,24,0,3,12.541666666666666,0.0,0.1111111111111111,33,0.8181818181818182
2026-04-27,South,35,30,3,2,16.633333333333333,0.08571428571428572,0.05714285714285714,37,0.9459459459459459
2026-04-27,West,28,27,1,0,16.37037037037037,0.03571428571428571,0.0,30,0.9333333333333333
2026-05-04,Downtown,36,29,5,2,14.758620689655173,0.1388888888888889,0.05555555555555555,41,0.8780487804878049
2026-05-04,East,24,24,0,0,10.625,0.0,0.0,28,0.8571428571428571
2026-05-04,North,36,35,0,1,9.857142857142858,0.0,0.027777777777777776,46,0.782608695652174
2026-05-04,South,42,34,5,3,16.352941176470587,0.11904761904761904,0.07142857142857142,45,0.9333333333333333
2026-05-04,West,34,32,2,0,14.3125,0.058823529411764705,0.0,36,0.9444444444444444
2026-05-11,Downtown,38,34,4,0,16.294117647058822,0.10526315789473684,0.0,45,0.8444444444444444
2026-05-11,East,26,23,3,0,10.304347826086957,0.11538461538461539,0.0,32,0.8125
2026-05-11,North,36,28,4,4,11.25,0.1111111111111111,0.1111111111111111,44,0.8181818181818182
2026-05-11,South,47,40,5,2,16.725,0.10638297872340426,0.0425531914893617,50,0.94
2026-05-11,West,26,24,1,1,15.125,0.038461538461538464,0.038461538461538464,28,0.9285714285714286
2026-05-18,Downtown,32,29,2,1,13.724137931034482,0.0625,0.03125,38,0.8421052631578947
2026-05-18,East,27,27,0,0,10.703703703703704,0.0,0.0,31,0.8709677419354839
2026-05-18,North,28,23,3,2,10.217391304347826,0.10714285714285714,0.07142857142857142,33,0.8484848484848485
2026-05-18,South,31,30,0,1,16.666666666666668,0.0,0.03225806451612903,32,0.96875
2026-05-18,West,42,38,4,0,14.052631578947368,0.09523809523809523,0.0,48,0.875
2026-05-25,Downtown,43,38,3,2,12.421052631578947,0.06976744186046512,0.046511627906976744,48,0.8958333333333334
2026-05-25,East,22,17,5,0,12.117647058823529,0.22727272727272727,0.0,26,0.8461538461538461
2026-05-25,North,39,34,2,3,9.647058823529411,0.05128205128205128,0.07692307692307693,51,0.7647058823529411
2026-05-25,South,32,26,5,1,17.576923076923077,0.15625,0.03125,34,0.9411764705882353
2026-05-25,West,34,28,4,2,15.25,0.11764705882352941,0.058823529411764705,38,0.8947368421052632
2026-06-01,Downtown,43,38,3,2,14.631578947368421,0.06976744186046512,0.046511627906976744,48,0.8958333333333334
2026-06-01,East,30,27,3,0,11.296296296296296,0.1,0.0,36,0.8333333333333334
2026-06-01,North,24,23,1,0,8.608695652173912,0.041666666666666664,0.0,31,0.7741935483870968
2026-06-01,South,39,34,3,2,17.058823529411764,0.07692307692307693,0.05128205128205128,42,0.9285714285714286
2026-06-01,West,36,33,3,0,15.878787878787879,0.08333333333333333,0.0,39,0.9230769230769231
2026-06-08,Downtown,27,27,0,0,15.592592592592593,0.0,0.0,30,0.9
2026-06-08,East,27,25,1,1,12.12,0.037037037037037035,0.037037037037037035,31,0.8709677419354839
2026-06-08,North,36,33,2,1,8.93939393939394,0.05555555555555555,0.027777777777777776,46,0.782608695652174
2026-06-08,South,40,33,4,3,18.0,0.1,0.075,44,0.9090909090909091
2026-06-08,West,22,21,1,0,13.285714285714286,0.045454545454545456,0.0,24,0.9166666666666666
2026-06-15,Downtown,31,28,2,1,12.071428571428571,0.06451612903225806,0.03225806451612903,36,0.8611111111111112
2026-06-15,East,23,19,2,2,10.473684210526315,0.08695652173913043,0.08695652173913043,27,0.8518518518518519
2026-06-15,North,29,26,2,1,9.538461538461538,0.06896551724137931,0.034482758620689655,34,0.8529411764705882
2026-06-15,South,43,39,4,0,17.23076923076923,0.09302325581395349,0.0,44,0.9772727272727273
2026-06-15,West,43,41,1,1,15.560975609756097,0.023255813953488372,0.023255813953488372,48,0.8958333333333334
2026-06-22,Downtown,33,31,1,1,11.935483870967742,0.030303030303030304,0.030303030303030304,38,0.868421052631579
2026-06-22,East,27,23,3,1,11.782608695652174,0.1111111111111111,0.037037037037037035,33,0.8181818181818182
2026-06-22,North,21,20,0,1,11.3,0.0,0.047619047619047616,27,0.7777777777777778
2026-06-22,South,45,40,3,2,16.425,0.06666666666666667,0.044444444444444446,45,1.0
2026-06-22,West,29,23,5,1,13.869565217391305,0.1724137931034483,0.034482758620689655,31,0.9354838709677419
2026-06-29,Downtown,38,35,2,1,11.085714285714285,0.05263157894736842,0.02631578947368421,42,0.9047619047619048
2026-06-29,East,23,20,3,0,11.0,0.13043478260869565,0.0,27,0.8518518518518519
2026-06-29,North,37,32,4,1,9.90625,0.10810810810810811,0.02702702702702703,45,0.8222222222222222
2026-06-29,South,42,37,4,1,15.891891891891891,0.09523809523809523,0.023809523809523808,45,0.9333333333333333
2026-06-29,West,36,32,0,4,15.0625,0.0,0.1111111111111111,39,0.9230769230769231
2026-07-06,Downtown,53,50,3,0,13.42,0.05660377358490566,0.0,59,0.8983050847457628
2026-07-06,East,24,22,1,1,10.181818181818182,0.041666666666666664,0.041666666666666664,30,0.8
2026-07-06,North,28,22,5,1,10.863636363636363,0.17857142857142858,0.03571428571428571,36,0.7777777777777778
2026-07-06,South,46,41,5,0,13.804878048780488,0.10869565217391304,0.0,48,0.9583333333333334
2026-07-06,West,36,35,1,0,14.057142857142857,0.027777777777777776,0.0,40,0.9
2026-07-13,Downtown,46,42,4,0,12.547619047619047,0.08695652173913043,0.0,52,0.8846153846153846
2026-07-13,East,25,24,1,0,11.958333333333334,0.04,0.0,29,0.8620689655172413
2026-07-13,North,32,31,1,0,9.451612903225806,0.03125,0.0,40,0.8
2026-07-13,South,38,32,4,2,15.28125,0.10526315789473684,0.05263157894736842,41,0.926829268292683
2026-07-13,West,33,31,2,0,14.96774193548387,0.06060606060606061,0.0,36,0.9166666666666666
2026-07-20,Downtown,41,39,2,0,13.76923076923077,0.04878048780487805,0.0,46,0.8913043478260869
2026-07-20,East,29,25,2,2,14.44,0.06896551724137931,0.06896551724137931,34,0.8529411764705882
2026-07-20,North,37,34,2,1,11.147058823529411,0.05405405405405406,0.02702702702702703,47,0.7872340425531915
2026-07-20,South,49,40,8,1,14.825,0.16326530612244897,0.02040816326530612,53,0.9245283018867925
2026-07-20,West,28,26,1,1,14.73076923076923,0.03571428571428571,0.03571428571428571,31,0.9032258064516129
2026-07-27,Downtown,36,31,3,2,15.419354838709678,0.08333333333333333,0.05555555555555555,44,0.8181818181818182
2026-07-27,East,36,31,5,0,13.64516129032258,0.1388888888888889,0.0,42,0.8571428571428571
2026-07-27,North,31,28,1,2,9.535714285714286,0.03225806451612903,0.06451612903225806,38,0.8157894736842105
2026-07-27,South,35,31,1,3,14.0,0.02857142857142857,0.08571428571428572,37,0.9459459459459459
2026-07-27,West,31,31,0,0,13.64516129032258,0.0,0.0,33,0.9393939393939394
2026-08-03,Downtown,38,34,1,3,14.529411764705882,0.02631578947368421,0.07894736842105263,45,0.8444444444444444
2026-08-03,East,30,29,1,0,11.655172413793103,0.03333333333333333,0.0,37,0.8108108108108109
2026-08-03,North,45,41,3,1,9.585365853658537,0.06666666666666667,0.022222222222222223,54,0.8333333333333334
2026-08-03,South,29,23,5,1,14.0,0.1724137931034483,0.034482758620689655,31,0.9354838709677419
2026-08-03,West,32,30,2,0,16.066666666666666,0.0625,0.0,35,0.9142857142857143
2026-08-10,Downtown,45,38,2,5,14.394736842105264,0.044444444444444446,0.1111111111111111,51,0.8823529411764706
2026-08-10,East,32,29,3,0,12.655172413793103,0.09375,0.0,36,0.8888888888888888
2026-08-10,North,35,31,3,1,10.064516129032258,0.08571428571428572,0.02857142857142857,43,0.813953488372093
2026-08-10,South,49,43,5,1,15.44186046511628,0.10204081632653061,0.02040816326530612,49,1.0
2026-08-10,West,34,33,1,0,15.242424242424242,0.029411764705882353,0.0,36,0.9444444444444444
2026-08-17,Downtown,43,42,1,0,14.785714285714286,0.023255813953488372,0.0,48,0.8958333333333334
2026-08-17,East,26,26,0,0,12.192307692307692,0.0,0.0,31,0.8387096774193549
2026-08-17,North,34,33,1,0,10.0,0.029411764705882353,0.0,41,0.8292682926829268
2026-08-17,South,34,31,1,2,16.032258064516128,0.029411764705882353,0.058823529411764705,38,0.8947368421052632
2026-08-17,West,27,26,1,0,14.5,0.037037037037037035,0.0,30,0.9
2026-08-24,Downtown,46,45,1,0,15.222222222222221,0.021739130434782608,0.0,53,0.8679245283018868
2026-08-24,East,27,26,0,1,12.115384615384615,0.0,0.037037037037037035,33,0.8181818181818182
2026-08-24,North,18,15,1,2,11.133333333333333,0.05555555555555555,0.1111111111111111,23,0.782608695652174
2026-08-24,South,47,42,4,1,17.071428571428573,0.0851063829787234,0.02127659574468085,50,0.94
2026-08-24,West,33,29,3,1,13.206896551724139,0.09090909090909091,0.030303030303030304,36,0.9166666666666666
2026-08-31,Downtown,37,33,2,2,14.090909090909092,0.05405405405405406,0.05405405405405406,44,0.8409090909090909
2026-08-31,East,23,19,3,1,12.789473684210526,0.13043478260869565,0.043478260869565216,28,0.8214285714285714
2026-08-31,North,34,30,2,2,11.2,0.058823529411764705,0.058823529411764705,44,0.7727272727272727
2026-08-31,South,32,26,4,2,17.692307692307693,0.125,0.0625,34,0.9411764705882353
2026-08-31,West,30,28,2,0,13.392857142857142,0.06666666666666667,0.0,33,0.9090909090909091
